site_index,tag
1,0
1,1
1,2
1,3
1,4
2,5
2,6
2,4
2,7
2,8
3,9
3,10
3,11
3,12
4,0
4,1
4,9
4,13
4,14
4,4
5,15
5,16
6,17
6,1
6,18
6,19
6,20
6,21
6,22
7,23
7,24
7,4
7,8
7,25
8,0
8,13
8,4
9,1
9,4
9,26
10,27
10,4
11,0
11,20
11,13
11,3
11,4
12,17
12,28
12,0
12,29
12,30
12,31
12,32
12,33
13,34
13,35
13,36
13,5
13,37
13,38
13,39
14,1
14,19
14,10
14,4
15,19
15,20
15,36
15,5
15,4
16,28
16,40
16,30
16,7
17,17
17,20
17,41
17,10
17,23
17,42
17,43
18,44
18,45
19,0
19,29
19,40
19,34
19,31
19,8
20,46
20,1
20,19
20,20
20,23
21,19
21,47
21,42
21,4
21,48
22,15
22,49
22,50
23,51
23,52
23,53
23,0
23,54
23,55
24,56
24,53
24,0
24,57
24,58
24,30
24,13
24,32
24,59
25,56
25,60
25,53
25,0
25,34
25,61
25,17
25,29
25,9
25,31
25,8
26,4
26,7
26,62
26,63
27,53
27,1
27,19
27,64
27,65
27,66
28,57
28,19
28,44
28,4
28,32
28,48
29,4
29,67
30,42
30,4
30,68
31,4
31,48
31,69
31,70
31,71
31,72
31,73
31,74
31,75
32,57
32,4
32,32
32,76
32,8
32,77
33,56
33,53
33,78
33,0
33,57
33,9
33,79
33,32
34,17
34,80
34,29
34,18
34,19
34,9
34,5
34,47
35,46
35,19
35,7
35,81
36,19
36,41
36,44
36,4
37,53
37,54
37,82
37,3
37,38
38,83
38,27
38,4
38,48
39,1
39,19
39,20
39,84
39,85
39,86
40,53
40,0
40,29
40,87
40,9
40,31
40,8
41,88
41,89
41,41
41,5
41,44
42,1
42,19
42,10
42,4
43,53
43,9
43,90
43,8
43,66
43,91
44,0
44,1
44,4
44,65
45,44
45,92
45,93
46,54
46,19
46,5
46,4
46,7
47,9
47,94
47,41
47,5
47,95
49,78
49,0
49,13
49,4
50,4
50,76
51,53
51,1
51,34
51,96
51,97
51,98
51,99
51,100
51,101
51,102
52,1
52,19
52,103
52,97
52,44
53,44
53,4
54,0
54,13
54,4
55,19
55,104
55,20
55,24
55,105
56,106
56,9
56,41
56,47
57,107
57,4
57,76
57,63
58,17
58,0
58,29
58,9
58,31
58,32
59,53
59,20
59,47
59,8
59,108
60,106
60,78
60,0
60,1
60,20
61,1
61,19
61,20
61,109
62,29
62,4
62,31
62,110
62,8
62,111
63,60
63,53
63,28
63,0
63,1
63,57
63,30
63,112
64,56
64,28
64,0
64,29
64,113
64,4
64,7
64,31
64,32
65,44
65,4
65,114
65,45
66,0
66,13
66,4
67,107
67,115
68,18
68,19
68,116
68,90
69,83
69,4
69,8
69,117
70,53
70,34
70,10
70,118
70,48
70,119
71,51
71,1
71,120
71,9
71,107
72,0
72,29
72,87
72,2
72,3
72,4
72,31
72,32
72,8
72,48
73,19
73,4
73,8
73,102
73,121
74,1
74,107
74,4
74,31
74,110
74,76
74,8
74,122
74,48
75,1
75,83
75,4
75,123
75,102
76,40
76,34
76,36
76,5
76,83
76,121
77,19
77,41
77,4
78,1
78,124
78,4
78,31
78,8
78,48
78,73
79,53
79,30
79,10
79,23
79,125
80,53
80,20
80,11
80,126
81,1
81,107
81,4
81,76
81,127
81,122
82,107
82,127
82,128
82,129
83,56
83,0
83,1
83,29
83,4
83,31
83,8
83,130
84,0
84,131
84,20
84,2
84,3
85,17
85,19
85,9
85,10
85,118
86,17
86,19
86,30
86,10
86,132
87,18
87,9
87,83
87,133
87,134
88,132
88,4
88,62
89,135
89,136
89,4
89,137
90,15
90,50
91,53
91,1
91,19
91,20
91,42
91,138
92,17
92,20
92,47
92,22
93,4
93,76
93,93
93,139
94,0
94,1
94,13
94,4
95,140
95,20
95,141
96,1
96,19
96,20
96,41
96,142
97,53
97,20
97,41
97,8
97,48
98,1
98,83
98,8
98,48
98,143
99,53
99,54
99,144
99,41
99,44
99,145
100,53
100,28
100,0
100,1
100,20
100,79
100,146
101,0
101,1
101,13
101,4
102,53
102,1
102,20
102,41
102,47
102,79
102,147
102,148
102,149
102,150
103,54
103,107
103,4
103,151
103,63
104,44
104,4
104,63
105,0
105,13
105,94
106,1
106,19
106,10
107,19
107,36
107,4
107,7
108,53
108,19
108,20
108,10
108,11
109,42
109,4
109,48
110,1
110,107
110,4
110,76
110,127
110,122
111,17
111,5
111,44
112,17
112,9
112,36
112,44
112,152
113,53
113,9
113,23
113,118
113,42
113,43
114,17
114,30
114,41
114,5
115,1
115,20
115,107
115,4
115,76
116,106
116,1
116,9
116,5
116,153
116,154
117,4
117,76
117,127
117,122
118,46
118,54
118,55
118,47
118,10
118,152
118,118
118,155
119,41
119,4
120,20
120,13
120,156
120,4
121,157
121,9
121,158
121,47
121,10
121,64
122,29
122,4
122,31
122,8
122,48
123,53
123,20
123,136
123,134
124,136
124,83
124,4
124,102
125,1
125,10
125,4
125,11
125,48
125,126
126,0
126,3
126,4
127,1
127,4
127,159
127,48
127,142
128,106
128,0
128,29
128,20
128,30
128,34
128,113
128,130
128,53
128,144
128,10
128,23
128,118
128,61
128,1
128,43
129,107
129,4
129,76
129,122
130,0
130,29
130,116
130,31
130,8
130,130
131,17
131,19
131,9
131,23
131,42
132,0
132,2
132,3
132,4
133,53
133,19
133,9
133,10
133,118
134,19
134,4
134,160
134,48
135,161
135,20
135,36
135,38
135,139
135,162
135,163
136,19
136,4
136,8
136,164
136,165
137,83
137,27
137,4
137,48
138,53
138,20
138,10
138,79
138,118
138,155
138,166
139,0
139,29
139,4
139,31
139,32
139,63
140,15
140,27
140,167
140,168
141,19
141,44
141,4
141,114
142,0
142,80
142,2
142,3
142,4
143,4
143,31
143,48
143,169
143,111
144,17
144,29
144,20
144,31
144,32
144,8
144,170
145,10
145,4
145,8
145,164
145,121
146,18
146,54
146,171
146,84
146,41
146,10
147,19
147,36
147,172
147,4
148,173
148,0
148,174
148,175
148,40
148,20
149,83
149,4
149,8
150,1
150,19
150,44
150,4
151,53
151,0
151,20
151,176
152,29
152,4
152,31
152,110
152,8
152,48
152,177
153,1
153,178
153,4
153,179
154,17
154,0
154,1
154,20
154,13
155,0
155,1
155,13
155,4
156,1
156,161
156,4
156,65
156,180
157,17
157,54
157,181
157,97
157,83
157,182
157,102
158,56
158,0
158,57
158,4
158,32
159,56
159,53
159,0
159,54
159,144
159,44
159,183
160,53
160,29
160,9
160,118
160,11
160,48
160,126
161,53
161,19
161,118
161,184
161,185
161,65
162,0
162,29
162,2
162,3
162,4
162,31
162,8
163,186
163,19
163,20
163,118
163,42
164,28
164,0
164,187
164,188
164,34
164,13
165,53
165,19
165,36
165,4
165,7
165,189
166,106
166,4
166,62
167,190
167,9
167,41
168,29
168,31
168,67
168,125
168,130
169,17
169,19
169,20
169,10
169,118
169,119
170,19
170,4
170,191
171,4
171,192
171,193
171,194
172,17
172,195
172,19
172,20
172,10
172,23
173,53
173,19
173,9
173,36
173,24
173,196
174,106
174,0
174,187
174,13
174,136
174,4
175,1
175,161
175,19
175,4
176,1
176,41
176,4
177,53
177,20
177,41
177,83
177,27
177,8
178,78
178,0
178,2
178,3
178,4
178,63
179,106
179,19
179,197
179,64
179,90
180,19
180,4
180,179
181,1
181,19
181,4
181,145
182,1
182,4
183,0
183,80
183,57
183,4
183,32
183,8
184,17
184,0
184,29
184,20
184,113
184,31
184,11
185,53
185,0
185,1
185,20
185,13
186,106
186,51
186,0
186,1
186,20
186,13
187,53
187,0
187,29
187,9
187,198
187,24
187,31
187,8
188,19
188,10
188,4
188,8
188,199
189,173
189,0
189,1
189,175
189,40
189,30
189,200
190,17
190,19
190,9
190,41
191,53
191,30
191,201
191,123
191,102
192,54
192,40
192,171
192,38
192,202
193,19
193,44
193,4
194,203
194,56
194,53
194,0
194,80
194,29
194,9
194,31
194,32
194,8
195,106
195,0
195,9
195,97
195,123
195,102
196,106
196,51
196,54
196,19
196,204
196,8
196,134
197,0
197,4
197,31
197,110
197,8
