site_index,English_Quote,Persian_Quote,Prise_Writer
23,One of Faulkner’s comic masterpieces.,از شاهکارهای کمیک فاکنر,barnes and noble
61,Convincing and compelling.,باورپذیر و مهیج.,School Library Journal
61,"A highly imaginative, absolutely terrific first novel.",یک رمان نخست فوق العاده خیال پردازانه و شگرف.,Barnes & Noble
61,"An exciting, clever read.",داستانی هیجان انگیز و هوشمندانه.,Booktopia
