site_index,code,Isbn,fa_title,en_title,score,publisher_id,pages,publication_per_date,publication_ad_date,size,cover_material,print_series,language,earliest_send_time,presence,paper_type
1,112266,978-6226712989,کتاب مجاز, Allowed,3.13,1875,119,1402,-1,0,0,1,فارسی,8 مهر, موجود ,-1
2,67734,978-6007084205,کتاب روابط بیزانس و ایران, Ravebet Bizanso Iran,3.62,1988,312,1393,-1,1,0,1,فارسی,5 مهر, موجود ,-1
3,67445,978-9640363584,کتاب رویکردهای یادگیری نظریه و کاربست, Approaches to Learning,3.07,1967,362,1399,2008,1,0,5,فارسی,---,  تمام شد ، اما میاریمش 😏 ,-1
4,7204,9782000547822,کتاب نرگس + عشق, Narcisuss + Love,3.21,51,228,1395,2002,0,0,1,فارسی,---,  تمام شد ، اما میاریمش 😏 ,-1
6,115076,978-6001176869,کتاب درس هایی از زندگی هاوکینگ, How to Think Like Stephen Hawking,3.86,42,176,1402,2016,0,0,1,فارسی,5 مهر, موجود ,-1
7,59490,978-9642522293,کتاب شاخص های نموداری در بازار سرمایه, Shakheshaye Nemoodari,3.18,1860,120,1399,-1,1,0,2,فارسی,8 مهر, موجود ,-1
8,42613,978-6008145240,کتاب نشانی روی آب و رد کبوترها, Neshani Rouye Ab,3.95,1358,316,1396,-1,0,0,1,فارسی,8 مهر, موجود ,-1
9,87800,978-6222086718,کتاب گزیده طنز شهاب ترشیزی, Shahab Torshizi,3.33,1327,85,1401,-1,0,0,1,فارسی,5 مهر, موجود ,-1
10,16787,978-2000111603,کتاب دستور مقدماتی ویولن هنرستان موسیقی, Violin,3.49,1575,51,1388,-1,2,0,7,فارسی,8 مهر, موجود ,-1
11,8108,9786002961136,کتاب یک روز مناسب برای شنا قورباغه, A perfect day to swim a frog,3.06,30,92,1393,2014,0,0,1,فارسی,8 مهر, موجود ,-1
12,25277,978-9643691271,کتاب جنگ فجیع جهانی اول, The Frightful First World War,3.75,11,128,1402,1998,0,0,17,فارسی,8 مهر, موجود ,-1
13,14109,978-6004054591,کتاب نامه هایی به اولگا, Letters to Olga,3.37,31,402,1402,1983,0,1,2,فارسی,5 مهر, موجود ,-1
14,105323,978-6005861280,کتاب من یک احمق هستم شما چطور…؟!," I'm an idiot, how about you...?!",3.04,1259,144,1402,-1,0,0,3,فارسی,8 مهر, موجود ,-1
15,25342,978-6005786002,کتاب رضاشاه و بریتانیا, Great Britain and Reza Shah,3.86,1621,540,1399,2011,0,0,2,فارسی,---,  تمام شد ، اما میاریمش 😏 ,-1
16,36714,978-9643111304,کتاب ایران باستان, Ancient Persia,3.88,48,392,1402,1998,1,2,16,فارسی,5 مهر, موجود ,-1
17,76229,978-6227825107,کتاب رهبری, Leadership,3.33,1440,156,1401,2010,0,0,1,فارسی,5 مهر, موجود ,-1
18,97859,978-9645543630,کتاب مکالمات حجاج عتبات عالیات فارسی به عربی, the dialog persian to Arabic for hojjaj,3.05,2651,166,1382,-1,3,0,1,فارسی و عربی,---,  تمام شد ، اما میاریمش 😏 ,-1
19,19941,978-6006935157,کتاب نوربرت خرگردن, Norberto Nucagorda,3.86,11,56,1398,1987,0,0,2,فارسی,8 مهر, موجود ,-1
20,105144,978-6225239210,کتاب چگونه حال بهتری و پول بیشتری داشته باشیم, 12 Power Principles for Success,3.09,2628,197,1401,2019,0,0,1,فارسی,6 مهر, موجود ,-1
21,25671,978-9643124694,کتاب مدیریت منابع انسانی, Human resources management,3.8,66,496,1398,-1,1,0,13,فارسی,---, به زودی  🙄 ,-1
23,14025,978-9644484759,کتاب حرامیان, the reivers,3.79,67,358,1401,1962,0,0,5,فارسی,5 مهر, موجود ,-1
24,58825,978-9646807112,کتاب دختران خطرناک, Dangerous Girls,3.22,1111,248,1398,1998,0,0,4,فارسی,5 مهر, موجود ,-1
25,41530,978-6006287805,کتاب چری پری کیک, Cherry the Cake Fairy,3.08,1539,56,1400,2005,0,0,3,فارسی,5 مهر, موجود ,-1
26,22209,978-9642132720,کتاب تحریر ایلامی, Tahrir Ilami,3.6,58,268,1394,-1,0,0,1,فارسی,---, به زودی  🙄 ,-1
27,101356,978-6003556850,کتاب رژیم غذایی انعطاف پذیر, Flexible Dieting,3.4,1335,228,1401,2022,2,0,1,فارسی,6 مهر, موجود ,-1
27,112151,978-6003557130,رژیم منعطف, Flexible Dieting,3.03,1335,264,1402,2022,2,0,1,فارسی,5 مهر, موجود ,-1
28,32439,978-9642020539,کتاب گریز از گناه, Goriz Az Gonah,3.11,2097,160,1395,-1,0,0,7,فارسی,8 مهر, موجود ,-1
29,112073,978-6009137879,کتاب چیستان و معما, Chistan va Moamma,3.94,3156,112,1398,-1,3,0,16,فارسی,5 مهر, موجود ,-1
30,68597,978-9643141813,کتاب بهبود بهره وری با ارزیابی کار و زمان, Work & Tim Study,3.93,1497,294,1391,-1,0,0,1,فارسی,8 مهر, موجود ,-1
31,77557,978-6222381110,کتاب راهنمای Yeni Hitit 1, Yeni Hitit 1 Guide ,3.65,2270,120,1398,-1,1,0,-1,ترکی,---,  تمام شد ، اما میاریمش 😏 ,-1
32,55620,978-9648228953,کتاب یک بستنی و پنج زبان, Yek Bastani va Panj Zaban,3.03,1578,48,1388,-1,3,0,1,فارسی,8 مهر, موجود ,-1
33,13329,978-9642912919,کتاب خاطرات خون آشام - بازگشت (2), Shadow Souls,3.82,1111,536,1400,2010,0,0,7,فارسی,8 مهر, موجود ,-1
34,45609,978-6003500105,کتاب دانشمندان و آزمایش های حیرت انگیز آن ها, Scientists and Their Mind Blowing Experiments,3.15,1478,216,1401,2003,0,0,2,فارسی,5 مهر, موجود ,-1
35,115062,978-6006326818,کتاب در مسیر شاهراه, On the High Road,3.6,2400,352,1395,2010,2,1,1,فارسی,8 مهر, موجود ,-1
36,35961,978-9643639037,کتاب شریعت،عرف و عقلانیت," Shariat, Orf va Aghlaniat",3.26,69,248,1398,-1,0,0,1,فارسی,5 مهر, موجود ,-1
37,14386,978-9648008111,کتاب یک دسته نامه, A bundle of letters,3.06,1353,52,1397,1879,0,0,2,فارسی,---, به زودی  🙄 ,-1
38,77393,979-0802604834,کتاب قطعاتی برای گیتار کلاسیک ۲, Classic Guitar,3.07,1856,64,1395,-1,0,0,3,فارسی,8 مهر, موجود ,-1
38,77497,979-0802604315,قطعاتی برای گیتار کلاسیک ۱, Classic Guitar,3.93,1856,64,1391,-1,2,0,1,فارسی,8 مهر, موجود ,-1
39,105356,978-9642135226,کتاب بازخوانی مارکس در عصر سرمایه داری دیجیتال, Rereading Marx in the Age of Digital Capitalism,3.99,58,216,1401,2019,0,3,2,فارسی,5 مهر, موجود ,-1
40,58102,978-6227437553,کتاب شگفت انگیزترین هدیه, Punchinello and the Most Marvelous Gift,,1483,32,1402,2004,4,0,5,فارسی,5 مهر, موجود ,-1
41,12000,978-9641209546,کتاب رساله در تاریخ ادیان, Patterns in Comparative Religion,3.68,1470,434,1402,1949,1,0,7,فارسی,5 مهر, موجود ,-1
42,97884,978-9644591921,کتاب سنجش ‏و اندازه‏گیری ‏درعلوم ‏تربیتی و روان شناسی, Assessment and measurement in education and psychology,3.48,2018,456,1391,-1,0,0,5,فارسی,---,  تمام شد ، اما میاریمش 😏 ,-1
43,96673,978-6006467177,کتاب راهنمای غذایی برای فوتبال, Food Guide for Soccer,3.02,1335,160,1391,2009,1,0,1,فارسی,8 مهر, موجود ,-1
44,47876,978-6008209997,کتاب دودمان بلوط, oak dynasty,3.19,1277,732,1400,2021,3,0,6,فارسی,8 مهر, موجود ,-1
45,21706,978-6004051750,کتاب راه جلیل, Budha,3.96,31,214,1402,-1,0,0,2,فارسی,5 مهر, موجود ,-1
46,103421,978-9646895973,کتاب تصرف تنکابن به دست مجاهدان مازندران, Tasarofe Tonekabon,3.03,1131,144,1392,-1,0,0,1,فارسی,---, به زودی  🙄 ,-1
47,76217,978-9644891182,کتاب تاریخ اندیشه فلسفی در غرب, A History Of Western Thought,3.77,1472,839,1401,2001,0,4,2,فارسی,5 مهر, موجود ,-1
48,42852,978-6002740540,کتاب کلید تری دی مکس, 3D MAX,3.18,1479,120,1395,-1,0,0,1,فارسی,8 مهر, موجود ,-1
49,47135,978-6226462693,کتاب کسی مثل کسی نیست, Kasi Mesl-e Kasi Nist,3.8,1837,420,1400,-1,0,0,1,فارسی,8 مهر, موجود ,-1
50,35814,978-6008291824,کتاب گذشته ی ابر, Persian poetry,3.89,1595,86,1399,-1,0,0,1,فارسی,---,  تمام شد ، اما میاریمش 😏 ,-1
51,9874,9786005140545,کتاب حصارها, Fences,3.39,85,108,1392,1986,0,0,1,فارسی,---,  تمام شد ، اما میاریمش 😏 ,-1
52,120784,978-6009793228,کتاب فهرست دستنویس های نمایشی مذهبی ایران در کتابخانه واتیکان, Biblioteca apostolica vaticana,3.63,1913,588,1396,-1,1,1,1,فارسی,8 مهر, موجود ,-1
53,110423,978-6004412711,کتاب پروانگان شمع جمع - جلد اول, Parvanegan-e Sham'e Jam',3.45,1873,259,1400,-1,0,0,1,فارسی,---,  تمام شد ، اما میاریمش 😏 ,-1
54,39609,978-6222462208,کتاب تلخ و شیرین, Talkh va Shirin,3.99,9,306,1401,-1,0,0,6,فارسی,5 مهر, موجود ,-1
55,100800,978-6007446102,کتاب تعادل عمومی کاربردی, Applied General Equilibrium,3.32,2311,196,1395,2012,0,0,1,فارسی,8 مهر, موجود ,-1
56,9166,978-9643291921,کتاب روح روشنگری, The spirit of the lights,3.76,18,144,1387,2006,0,0,1,فارسی,---,  تمام شد ، اما میاریمش 😏 ,-1
57,65401,978-6227786309,کتاب شاهراه باغ جان ها, Shahrah-e Sabz-e-Jan ha,3.62,1813,156,1400,-1,0,0,1,فارسی,8 مهر, موجود ,-1
57,24730,978-2000798026,شاهراه سبز عشق, Shahrah-e Sabz-e Eshgh,3.59,1813,248,1398,-1,0,0,1,فارسی,---,  تمام شد ، اما میاریمش 😏 ,-1
58,25266,978-9643692384,کتاب فکرهای بکر کیتی, Kitty's Big Ideas,3.19,11,132,1400,2002,5,0,14,فارسی,5 مهر, موجود ,-1
59,56525,978-9645676597,کتاب در جستجوی بسگیتی, Seeking the Multiverse,3.68,55,192,1392,2013,0,0,1,فارسی,---,  تمام شد ، اما میاریمش 😏 ,-1
60,51907,978-6222019297,کتاب رده بندی 400, La cote 400,3.49,87,76,1400,2010,0,0,1,فارسی,5 مهر, موجود ,-1
61,95405,978-6227393194,کتاب یادگیری عمیق با MATLAB, MATLAB Deep Learning,3.89,3097,142,1399,2017,0,0,1,فارسی,8 مهر, موجود ,-1
62,82032,978-6006860947,کتاب دنیا با رنگ قشنگه 1, Donya ba Rang Ghashange,3.61,1612,12,1401,-1,4,0,2,فارسی,8 مهر, موجود ,-1
63,63869,978-6222741693,کتاب زندان زمان, Running Out of Time,3.03,28,196,1402,1995,0,0,3,فارسی,8 مهر, موجود ,-1
64,93513,978-2000523758,کتاب فرار عاقلانه, Farar Aaghelane,,1195,32,1394,-1,2,0,2,فارسی,5 مهر, موجود ,-1
65,67621,978-9648654165,کتاب شمیم گل نرگس, Shamim-e Gol-e Narges,3.47,2097,160,1400,-1,0,0,9,فارسی,8 مهر, موجود ,-1
66,16610,978-6005639919,کتاب خواب هایت را در این خانه تعریف نکن محمود, Don't define your dreams in this house Mahmoud,3.6,1378,112,1397,-1,0,0,1,فارسی,5 مهر, موجود ,-1
67,65092,978-6229647554,کتاب شیرین من شیرین, Shirin Man Shirin,3.1,2759,237,1399,-1,0,0,1,فارسی,---,  تمام شد ، اما میاریمش 😏 ,-1
68,48714,978-6001302442,کتاب کارپف از زبان کارپف, Karpov on Karpov,3.21,1312,208,1402,1991,0,0,2,فارسی,8 مهر, موجود ,-1
69,53591,978-9643065966,کتاب نور و سایه در طراحی از چهره (جلد 6), Light and Shadow in Portrait Drawing,3.86,2040,80,1397,-1,2,0,1,فارسی,6 مهر, موجود ,-1
70,54804,978-9646181915,کتاب بازسازی زندگی پس از طلاق, Rebuilding,3.61,1360,246,1400,1981,0,0,37,فارسی,6 مهر, موجود ,-1
70,54964,978-9642785490,گزیده ای از بازسازی زندگی پس از طلاق, Rebuilding,3.07,1360,72,1391,1981,5,0,1,فارسی,8 مهر, موجود ,-1
70,72639,978-6002009746,بازسازی زندگی, Rebuilding,3.3,1362,392,1400,1981,0,0,2,فارسی,---, به زودی  🙄 ,-1
71,10752,9786002294043,کتاب این جا, here,4.25,33,70,1398,2009,0,0,3,فارسی,---, به زودی  🙄 ,-1
72,31044,978-9642354573,کتاب پنجاه داستانک آموزشی و انگیزشی, Fifty stories,3.51,2091,140,1399,-1,0,0,1,فارسی,---,  تمام شد ، اما میاریمش 😏 ,-1
73,38799,978-6008460268,کتاب لانگ شوت, Long shot,3.57,1375,116,1397,-1,0,0,1,فارسی,6 مهر, موجود ,-1
74,91979,978-6226535298,کتاب شناخت میوه ها 1, Miveha,3.25,1597,12,1400,-1,4,0,1,فارسی,8 مهر, موجود ,-1
74,91983,978-6226535304,شناخت میوه ها 2, Miveha,3.24,1597,12,1400,-1,4,0,1,فارسی,8 مهر, موجود ,-1
75,58802,978-6227501025,کتاب نمایشنامه این جا گواتمالاست, Guatemala,3.85,1833,52,1400,-1,5,0,1,فارسی,8 مهر, موجود ,-1
76,53873,978-6226530040,کتاب هنر تام استالینی, The Total Art of Stalinism,3.34,1337,156,1400,1988,0,0,1,فارسی,8 مهر, موجود ,-1
77,121973,978-6006231624,کتاب حیات و نفس, Hayat va Nafs,3.12,4451,281,1399,-1,0,0,1,فارسی,---,  تمام شد ، اما میاریمش 😏 ,-1
78,120918,978-6004139342,کتاب با من بخوان : کتاب, Read with me: Book,3.45,1326,16,1402,-1,2,0,1,فارسی,5 مهر, موجود ,-1
79,13754,978-9647390828,کتاب روانشناسی فروش, The psychology of selling,3.99,1233,256,1401,2005,0,0,22,فارسی,5 مهر, موجود ,-1
79,82579,978-6006774305,روانشناسی فروش, The Psychology of Selling,3.88,1910,278,1401,2005,0,0,1,فارسی,5 مهر, موجود ,-1
79,103252,978-9647727899,روان شناسی فروش,  The Psychology Of Selling,3.47,1361,286,1401,2004,0,0,3,فارسی,---,  تمام شد ، اما میاریمش 😏 ,-1
80,61049,978-9644015939,کتاب امروز نفرت، فردا سپاس," Hate Me Now, Thank Me Later",3.78,1258,274,1400,2014,0,0,1,فارسی,8 مهر, موجود ,-1
81,86204,978-6227006919,کتاب حضرت باران, Baran,3.24,2719,88,1399,-1,5,0,1,فارسی,8 مهر, موجود ,-1
82,20710,978-6226310628,کتاب چهره ام را پشت در می آویختم, Tunisian Poetry,3.75,1308,183,1398,-1,0,0,1,فارسی,8 مهر, موجود ,-1
83,112043,978-9640235485,کتاب کلاغ گرسنه, Hungry Crow,3.98,1392,36,1401,-1,2,0,1,فارسی,5 مهر, موجود ,-1
84,25290,978-9646207882,کتاب چشم های سنگی (دوره ی 2 جلدی), Stone Eyes,3.68,38,1166,1396,2017,0,4,1,فارسی,5 مهر, موجود ,-1
85,45096,978-9643497637,کتاب مقابله با بحران میانسالی, Coping with a Mid-Life Crisis,3.23,30,204,1389,2005,0,0,1,فارسی,8 مهر, موجود ,-1
86,44894,978-6002501677,کتاب توانبخشی اسکیزوفرنی, Family Work For Schizophrenia,3.77,1332,256,1396,1992,0,0,1,فارسی,8 مهر, موجود ,-1
87,12625,978-600-152-038-9,کتاب پل گوگن, Paul Gauguin,3.17,1786,48,1395,2003,2,0,1,فارسی,---, به زودی  🙄 ,-1
88,38114,978-9641652021,کتاب فرهنگ دارویی, Medicinal Dictionary,3.22,1129,840,1399,-1,0,1,1,فارسی و انگلیسی,---,  تمام شد ، اما میاریمش 😏 ,-1
89,19083,978-6226441063,کتاب مقالات سعید نفیسی 1, Articles by Saeed Nafisi,3.96,1330,437,1397,-1,1,4,2,فارسی,---, به زودی  🙄 ,-1
89,19085,978-6005942672,مقالات سعید نفیسی 3, Articles by Saeed Nafisi,3.01,1330,898,1397,-1,1,4,2,فارسی,---,  تمام شد ، اما میاریمش 😏 ,-1
89,19084,978-6005942095,مقالات سعید نفیسی 2, Articles by Saeed Nafisi,3.81,1330,1056,1397,-1,1,4,2,فارسی,---, به زودی  🙄 ,-1
91,103181,978-6227089202,کتاب فرهنگ ساختن فرهنگ, What You Do Is Who You Are,3.2,1194,288,1402,2019,0,0,3,فارسی,5 مهر, موجود ,-1
92,16402,978-9642249930,کتاب مکانیک کوانتومی, Quantum Mechanics,3.21,9,84,1398,2017,0,0,4,فارسی,5 مهر, موجود ,-1
93,104322,978-6005138917,کتاب اندیشه های شاه نعمت الله ولی, Shah Nimatullah Wali,3.66,1391,340,1392,-1,4,0,1,فارسی,8 مهر, موجود ,-1
94,101751,978-6226374446,کتاب رویا و رویا, Dream and dream,3.92,1210,305,1401,-1,0,0,1,فارسی,5 مهر, موجود ,-1
95,64191,978-6227592146,کتاب شیوه بازاریابی محتوایی یک صفحه ای, The One-Page Content Marketing Blueprint,3.42,1630,260,1400,2019,0,0,1,فارسی,---,  تمام شد ، اما میاریمش 😏 ,-1
96,113135,978-6222673864,کتاب توان عمل : آرنت با دلوز و گواتری," Limit, Collectivity, and the Capacity to Act",3.5,62,230,1402,2014,0,0,1,فارسی,5 مهر, موجود ,-1
97,28215,978-6009996155,کتاب تفکر نقادانه برای کودکان, Critical Thinking Across the Curriculum,3.61,1614,232,1402,2010,0,0,5,فارسی,5 مهر, موجود ,-1
97,55300,978-6229748947,چگونه به کودکان اندیشیدن بیاموزیم, Critical Thinking Across the Curriculum,3.72,1937,168,1400,2010,0,0,1,فارسی,6 مهر, موجود ,-1
97,70486,978-9640370056,تفکر انتقادی در برنامه درسی, Critical Thinking Across the Curriculum,3.12,1967,154,1396,2010,1,0,2,فارسی,---,  تمام شد ، اما میاریمش 😏 ,-1
98,89058,978-9648021974,کتاب هنر تزئین شیرینی و شکلات, Decoration,3.32,1336,60,1390,-1,4,0,2,فارسی,8 مهر, موجود ,-1
99,56872,978-9644012259,کتاب فلسفه معاصر, Contemporary Philosophy,3.24,1258,352,1392,1956,1,0,3,فارسی,5 مهر, موجود ,-1
100,10985,978-6008968177,کتاب حافظه خاطرات ما, Great House,3.47,1282,346,1398,2010,0,0,1,فارسی,5 مهر, موجود ,-1
101,108433,978-9641935575,کتاب وهم سبز, Vahm-e sabz,3.41,1781,923,1401,-1,0,0,1,فارسی,8 مهر, موجود ,-1
102,1806,978-600-490-067-6,کتاب زندگی 3.0, Life 3.0: Being Human in the Age of Artificial Intelligence,4.1,47,547,1401,2017,0,1,8,فارسی,5 مهر, موجود ,-1
102,99202,978-6222463786,زندگی 3/0, Life 3.0 : being human in the age of artificial intelligence,3.35,9,536,1401,2017,0,0,1,فارسی,6 مهر, موجود ,-1
102,22086,978-6006043876,حیات ۳, Life 3.0: Being Human in the Age of Artificial Intelligence,3.73,55,384,1397,2017,0,0,1,فارسی,---, به زودی  🙄 ,-1
103,113424,978-6007602218,کتاب دیوان رودکی, Collected Poems,3.15,2469,394,1394,-1,1,1,-1,فارسی,5 مهر, موجود ,-1
103,6580,9789646207196,دیوان رودکی, Collected Poems,3.07,38,304,1395,2016,1,4,3,فارسی,---,  تمام شد ، اما میاریمش 😏 ,-1
103,6581,9782000428954,دیوان رودکی, Collected Poems,3.56,72,160,1391,2012,1,4,1,فارسی,---,  تمام شد ، اما میاریمش 😏 ,-1
103,6582,9789642708895,دیوان رودکی, Collected Poems,3.31,2341,120,1393,2014,1,4,1,فارسی,---,  تمام شد ، اما میاریمش 😏 ,-1
103,54330,978-9643154257,دیوان رودکی, Collected Poems,3.01,79,127,1383,-1,1,0,2,فارسی,---,  تمام شد ، اما میاریمش 😏 ,-1
104,62339,978-9645616289,کتاب گزیده علم اخلاق اسلامی, Akhlaghe Eslami,3.35,1253,454,1400,-1,1,2,3,فارسی,5 مهر, موجود ,-1
105,12646,9789644429422,کتاب دنیای آنا, Anna's world,3.26,12,208,1396,2013,0,0,2,فارسی,---, به زودی  🙄 ,-1
106,114248,978-9642925957,کتاب متد زندگی سیلوا, Silva life method,3.59,2469,144,1393,-1,0,0,1,فارسی,8 مهر, موجود ,-1
107,25496,978-9641855453,کتاب برنامه ریزی در ایران (1356-1316), Planning in Iran,3.7,66,306,1400,-1,0,0,8,فارسی,5 مهر, موجود ,-1
108,30350,978-6226829328,کتاب شربت لیمو؛ دنیای آشفته، کودک مثبت گرا, Making Lemonade,3.63,1201,222,1399,2019,0,0,1,فارسی,---, به زودی  🙄 ,-1
109,68540,978-9643142780,کتاب حمل و نقل, Transportation,3.7,1497,120,1391,-1,0,0,1,فارسی,8 مهر, موجود ,-1
110,97089,978-6227141818,کتاب ازهای است, Azhay Ast,3.84,2908,70,1400,-1,0,0,1,فارسی,8 مهر, موجود ,-1
111,75043,978-9648090338,کتاب مسیحیت, Christianity,3.09,1971,205,1389,-1,0,0,3,فارسی,5 مهر, موجود ,-1
112,87974,978-9648161793,کتاب مقدس و عرفی, Sacred and secular,3.06,1438,484,1396,2004,0,0,3,فارسی,8 مهر, موجود ,-1
113,73212,978-9643177409,کتاب جوهره مدیریت, Leadership Gold,3.29,1721,368,1397,2008,0,0,5,فارسی,5 مهر, موجود ,-1
114,4645,978-9643114503,کتاب آثار کلاسیک فلسفه, Philosophy: The Classics,3.86,48,320,1401,1998,0,0,10,فارسی,5 مهر, موجود ,-1
115,6220,9786005957594,کتاب هزج مثمن اخرب مکفوف مجبوب, Exclusive Rubaiyat,3.16,1492,192,1398,-1,3,0,2,فارسی,5 مهر, موجود ,-1
116,95348,978-9644572920,کتاب جغرافیای قرن بیست و یکم, La géographie du XXIe siècle,3.44,2396,258,1394,2003,1,0,1,فارسی,5 مهر, موجود ,-1
117,43193,978-6004040419,کتاب انسان شیشه ای, Ensan-e Shisheie,3.79,25,128,1395,-1,0,0,1,فارسی,---,  تمام شد ، اما میاریمش 😏 ,-1
118,1459,978-964-328-843-3,کتاب بعد از سلام چه می گویید, What do you say after you say hello,4.08,1136,-1,1400,1969,0,0,6,فارسی,5 مهر, موجود ,-1
119,19400,978-9643058227,کتاب سارتر که می نوشت, Sartre qui ecrivait,3.1,58,642,1400,-1,0,0,7,فارسی,5 مهر, موجود ,-1
120,6795,9786001741753,کتاب عاشقانه ها, Romance,3.78,1231,400,1401,2015,0,1,4,فارسی,8 مهر, موجود ,-1
121,16340,978-9642763900,کتاب اعجوبه ای در ژن های شما, The Genie in Your Genes,3.07,24,413,1398,2007,0,0,3,فارسی,---, به زودی  🙄 ,-1
122,61804,978-9645023889,کتاب آموزش رنگ ها, Colors,3.92,1331,16,1401,-1,4,0,6,فارسی,8 مهر, موجود ,-1
123,42034,978-6229999660,کتاب شاهزاده پاپ اندی وارهول, Andy Warhol: Phaidon Focus,3.88,1786,183,1399,2013,0,0,1,فارسی,6 مهر, موجود ,-1
124,90054,978-9647348867,کتاب کیمیای رحمانی, Kimiyaye Rahmani,3.21,1644,147,1398,-1,0,0,1,فارسی,---,  تمام شد ، اما میاریمش 😏 ,-1
125,112929,978-9642925643,کتاب آنچه باید درباره تربیت کودکان و نوجوانان بدانیم, Tarbiyat,3.95,2469,236,1393,-1,0,0,1,فارسی,8 مهر, موجود ,-1
126,17229,978-9641652052,کتاب شیوه دلبری و مترو آشوبی, Sweetheart,3.63,1129,184,1398,-1,0,0,2,فارسی,5 مهر, موجود ,-1
127,108907,978-6000111014,کتاب کارگاه داستان نویسی, Story writing workshop for children young adults,3.29,1256,260,1402,-1,4,0,1,فارسی,5 مهر, موجود ,-1
128,25293,978-9647703024,کتاب ماجراهای میمون زرنگ, 19 Fables de singes,3.6,54,96,1393,1999,0,0,7,فارسی,8 مهر, موجود ,-1
128,25291,978-9647703017,ماجراهای گرگ شرور, 19 fables du mechant Loup,3.35,54,96,1393,2013,0,0,7,فارسی,8 مهر, موجود ,-1
128,25294,978-2000264781,ماجراهای خرگوش پیر, The Adventures of Brer Rabbit,3.89,54,56,1393,1980,0,0,5,فارسی,8 مهر, موجود ,-1
128,5558,978-9646538061,کتاب فرمول نابغه ها, Psychology of success,3.69,1196,200,1401,1989,0,0,17,فارسی,8 مهر, موجود ,-1
129,96864,978-9641919377,کتاب فکر می کنم تو را فراموش کرده ام, I think I have forgotten you,3.7,59,120,1401,-1,0,0,1,فارسی,6 مهر, موجود ,-1
130,119965,978-9646716223,کتاب کشتی کوچولو, Little ship,3.94,1318,16,1398,-1,4,0,4,فارسی,8 مهر, موجود ,-1
131,38636,978-6004970921,کتاب شبکه های کسب و کار, Business Networks,3.29,1217,313,1402,2006,0,0,2,فارسی,5 مهر, موجود ,-1
132,61971,978-6005218367,کتاب پپر و گل های کاغذی, Papar,3.75,10,120,1390,-1,0,0,1,فارسی,5 مهر, موجود ,-1
133,44964,978-6005510980,کتاب 100 پرسش و پاسخ درباره نقص توجه/بیش فعالی بزرگسالی, 100 Questions & Answers about Adult Attention-Deficit/Hyperactivity Disorder,3.68,1332,232,1399,2008,0,0,1,فارسی,5 مهر, موجود ,-1
134,45249,978-6007030011,کتاب کتاب کوچک مصاحبه, The Concise Book on Interviews,3.93,1587,173,1392,-1,0,0,1,فارسی,---,  تمام شد ، اما میاریمش 😏 ,-1
135,58217,978-6222462864,کتاب در خانه همسایه ها, Qafqaz xatirələri,3.99,9,118,1400,2018,0,0,1,فارسی,6 مهر, موجود ,-1
136,48519,978-9645307545,کتاب مروری بر تاریخ نقاشی معاصر غرب, Contemporary Western Painting,3.79,2018,234,1391,-1,0,0,1,فارسی,---, به زودی  🙄 ,-1
137,77387,979-0802628045,کتاب بررسی و تحلیل تکنیک های گیتار کلاسیک, Classical Guitar Techniques,3.77,1856,264,1395,-1,0,0,1,فارسی,5 مهر, موجود ,-1
138,836,978-964-170-273-3,کتاب حضور, Presence,3.95,1195,144,1396,2015,0,0,1,فارسی,5 مهر, موجود ,-1
138,104687,978-6226650632,حضور, Presence,3.5,1246,305,1401,2015,0,0,1,فارسی,5 مهر, موجود ,-1
139,25702,978-6007484197,کتاب قصه های پند آموز کهن, Persian Stories,3.59,1955,869,1396,-1,0,1,1,فارسی,---,  تمام شد ، اما میاریمش 😏 ,-1
141,35100,978-9644301148,کتاب نماز چیست؟, What is prayer?,3.14,1981,52,1390,-1,0,0,32,فارسی,---,  تمام شد ، اما میاریمش 😏 ,-1
142,28379,978-9644483943,کتاب همه نوع تعمیرات دماغ پذیرفته می شود, Humorous Story Collection,3.4,67,203,1387,-1,0,0,1,فارسی,5 مهر, موجود ,-1
143,47448,978-6002522054,کتاب شکل های هندسی, Geometric shapes,3.72,2448,32,1400,-1,2,0,7,فارسی,6 مهر, موجود ,-1
144,88768,978-6226630986,کتاب هفت کوئینتیلیون و پانصد کوادریلیون دانه ی شن روی سیاره ی زمین," Seven Quintillion, Five Hundred Quadrillion Grains of Sand on Planet Earth",3.07,1239,32,1401,2015,2,0,1,فارسی,8 مهر, موجود ,-1
145,68118,978-6002651020,کتاب مرگ مادر / جهان, Marg-e Madar,3.86,1152,72,1396,-1,5,0,1,فارسی,5 مهر, موجود ,-1
146,27248,978-2000763369,کتاب زندگی علمی من, An Autobiographical Study,3.59,1834,184,1400,1926,0,0,4,فارسی,---, به زودی  🙄 ,-1
147,31294,978-9648680133,کتاب جنگ نرم 2, Soft War,3.94,2099,304,1388,-1,1,0,6,فارسی,---,  تمام شد ، اما میاریمش 😏 ,-1
148,14898,978-6003764187,کتاب سفیدبرفی باید بمیرد, Snow White Must Die,3.76,62,608,1398,2010,0,0,1,فارسی,5 مهر, موجود ,-1
148,21642,978-6004055123,سفیدبرفی باید بمیرد, Snow White Must Die,3.88,31,564,1398,2010,0,0,1,فارسی,---,  تمام شد ، اما میاریمش 😏 ,-1
149,39815,978-9643341220,کتاب راه رفتن مرد مرده, Walking of Dead Man,3.01,40,48,1381,-1,4,0,1,فارسی,8 مهر, موجود ,-1
150,95972,978-6005563566,کتاب رساله در طهارت کافر غیر کتابی, Resale dar taharat kafar-e gheire ketabi,3.69,3107,75,1401,-1,0,0,1,فارسی,5 مهر, موجود ,-1
151,62651,978-9648559781,کتاب تمرینات روحی روانی و مراقبه, Spiritual Practices and Meditations,3.48,2738,90,1397,2013,0,0,1,فارسی,---, به زودی  🙄 ,-1
152,37247,978-6002519429,کتاب حیوانات جنگل, Forest animals,3.59,1108,14,1398,-1,4,4,5,فارسی,8 مهر, موجود ,-1
153,99437,978-6002145253,کتاب پسااستعمار و نظم جهانی, Nazme Kahani,3.36,2070,134,1395,-1,1,0,1,فارسی,---,  تمام شد ، اما میاریمش 😏 ,-1
154,104887,978-6229761885,کتاب مردی که همه چیز را می دید, The Man Who Saw Everything,3.57,2601,240,1401,2019,0,0,1,فارسی,8 مهر, موجود ,-1
155,108426,978-9641933687,کتاب کتمان, Ketmaan,3.63,1781,990,1400,-1,0,0,1,فارسی,8 مهر, موجود ,-1
156,53528,978-6004902045,کتاب یادها و دیدارها, Memories and meetings,3.91,47,366,1401,-1,0,1,2,فارسی,8 مهر, موجود ,-1
157,54602,978-6229934104,کتاب پیچ خطرناک, Dangerous Corner,3.01,2397,136,1397,1932,0,0,1,فارسی,8 مهر, موجود ,-1
158,73472,978-6008025276,کتاب موهای معلق، چشم های چرخان, Moohaye Moallagh,3.22,1215,204,1396,-1,0,0,2,فارسی,8 مهر, موجود ,-1
159,31227,978-6220106067,کتاب مهابهارات, Mahabharata,3.4,33,428,1399,1950,0,0,3,فارسی,---, به زودی  🙄 ,-1
160,54954,978-9642785292,کتاب کلیدهای آموختن آداب اجتماعی به کودکان و نوجوانان, 365 Manners Kids Should Know,3.03,1360,310,1399,2001,0,0,9,فارسی,5 مهر, موجود ,-1
161,39778,978-6222351663,کتاب باغ, The Garden,3.29,12,82,1399,2020,0,0,1,فارسی,8 مهر, موجود ,-1
161,56507,978-6222206901,بهشت خدا, The Garden,3.19,1153,96,1400,2020,0,0,1,فارسی,8 مهر, موجود ,-1
162,36784,978-6002516664,کتاب داستان های دوستی, Friendship stories,3.02,1108,142,1398,-1,2,4,3,فارسی,8 مهر, موجود ,-1
163,29097,978-6007022542,کتاب تغییری کوچک تحولی شگرف, Change One Thing!,3.22,1447,184,1400,2013,0,0,2,فارسی,6 مهر, موجود ,-1
164,31218,978-9648838119,کتاب روزی از روزهای زندگی, One Day of Life,3.51,59,229,1397,1980,0,0,1,فارسی,---,  تمام شد ، اما میاریمش 😏 ,-1
165,24058,978-6002533609,کتاب مذاکرات ایران و آمریکا, Iran-US,3.73,73,466,1401,-1,0,0,2,فارسی,5 مهر, موجود ,-1
166,16322,978-9648637083,کتاب فرهنگ معاصر (فرانسه-فارسی), Farhang Moaser dictionnaire de poche,3.14,1281,354,1398,-1,3,1,52,فارسی,---, به زودی  🙄 ,-1
167,17883,978-6005733518,کتاب ویتگنشتاین و گادامر, Wittgenstein and Gadamer,3.81,73,250,1398,2004,0,0,5,فارسی,5 مهر, موجود ,-1
168,72208,978-9640716380,کتاب ماشین آب پاش, Mashine Abbpash,3.71,1547,24,1392,-1,4,0,3,فارسی,---, به زودی  🙄 ,-1
169,15930,978-6229600542,کتاب چرا با آدم عوضی ازدواج می کنیم؟, Why You Will Marry the Wrong Person,3.61,1667,72,1399,2017,5,0,2,فارسی,---, به زودی  🙄 ,-1
170,91810,978-6001249730,کتاب تکنیک های حرفه ای تدوین فیلم مجالس, Movie editing professional techniques,3.13,2056,150,1397,-1,1,0,1,فارسی,5 مهر, موجود ,-1
171,69781,978-9640356845,کتاب تولید ورمی کمپوست, Production of vermicompost,3.77,1967,160,1392,-1,0,0,3,فارسی,5 مهر, موجود ,-1
172,44256,978-6000479237,کتاب بازی مشتری یابی, The Prospecting Game,3.02,1623,144,1397,-1,0,0,1,فارسی,---,  تمام شد ، اما میاریمش 😏 ,-1
173,22144,978-9642132775,کتاب اقتصاد سیاسی حقوق حیوانات, Making A Killing,3.45,58,208,1396,2007,0,0,1,فارسی,---,  تمام شد ، اما میاریمش 😏 ,-1
174,79809,978-6000318970,کتاب روایت مرگ در رمان های جنگ ایران و فرانسه, The story of death,3.41,1178,624,1400,-1,1,0,1,فارسی,5 مهر, موجود ,-1
175,112506,978-9642252381,کتاب لذت ها و تجربه های معلمی, The joys and experiences of being a teacher,3.94,1482,280,1402,-1,0,0,1,فارسی,8 مهر, موجود ,-1
176,103007,978-6005911169,کتاب گفتارهایی در فلسفه و فلسفه تربیت, Tarbiyat,3.09,1753,134,1391,-1,0,0,2,فارسی,8 مهر, موجود ,-1
177,85169,978-6229677605,کتاب پشت پرده دنیای موسیقی کلاسیک, Who Knew?,3.54,2603,336,1399,2016,0,0,1,فارسی,8 مهر, موجود ,-1
178,76746,978-9647656634,کتاب قصه عاشقان قدیمی, Ghesse Aasheghan Ghadimi,3.69,1835,284,1387,-1,0,0,1,فارسی,6 مهر, موجود ,-1
179,37220,978-9644184611,کتاب پیام تن, The Body Has Its Reasons,3.79,1224,208,1388,1976,0,0,1,فارسی,---,  تمام شد ، اما میاریمش 😏 ,-1
180,103952,978-9646946538,کتاب ماخذشناسی امنیت-جلد اول, Etymology of security,3.24,2245,352,1383,-1,1,0,1,فارسی,---,  تمام شد ، اما میاریمش 😏 ,-1
181,102715,978-9640924407,کتاب معرفت و عرفان, Knowledge and mysticism,3.14,1760,312,1401,-1,0,0,1,فارسی,8 مهر, موجود ,-1
182,86057,978-9642334346,کتاب راهنمای سفر به دبی, Dubai travel guide,3.02,1436,54,1401,-1,0,0,1,فارسی,8 مهر, موجود ,-1
183,83605,978-6222087159,کتاب پسرک غربتی, Pesarak-e Ghorbati,3.43,1327,71,1398,-1,0,0,1,فارسی,5 مهر, موجود ,-1
184,96110,978-6003861657,کتاب بیا باهم بازیافت کنیم, Recycling!,3.15,1415,24,1401,2011,4,0,2,فارسی,8 مهر, موجود ,-1
185,120555,978-6009835362,کتاب زندگی مدفون, The Life We Bury,3.54,63,394,1398,2014,0,0,2,فارسی,8 مهر, موجود ,-1
186,3521,9789644531200,کتاب خاطرات خفته, souvenirs dormants,3.23,96,104,1396,2017,0,0,1,فارسی,5 مهر, موجود ,-1
186,3519,9789643347574,خاطرات خفته, souvenirs dormants,3.32,40,144,1399,2017,3,0,1,فارسی,5 مهر, موجود ,-1
186,1863,978-600119991-2,خاطرات خفته, souvenirs dormants,3.51,87,97,1401,2017,0,0,3,فارسی,8 مهر, موجود ,-1
186,13625,978-6003764118,خاطرات خفته, souvenirs dormants,3.34,62,108,1400,2017,5,0,1,فارسی,---,  تمام شد ، اما میاریمش 😏 ,-1
187,29840,978-6000808433,کتاب مغازه ی دنج بابابزرگ, Grandpa's Corner Store,3.55,1108,40,1401,2000,1,0,2,فارسی,8 مهر, موجود ,-1
188,45811,978-6008283027,کتاب یوگا ورزش کهن سلامتی, Yoga,3.14,1405,272,1395,-1,1,0,1,فارسی,8 مهر, موجود ,-1
189,252,978-600-6732-55-8,کتاب مرد است و قتلش، آقا کمال!," One Man, One Murder",3.53,93,178,1394,1991,0,0,1,فارسی,---, به زودی  🙄 ,-1
190,46529,978-6003390713,کتاب مواجهه با مرگ, Facing Death,3.72,1254,314,1399,2004,0,4,2,فارسی,5 مهر, موجود ,-1
191,60815,978-9642739295,کتاب رهایی از شاوشنک, The Shawshank Redemption,3.19,1427,135,1392,1996,0,0,1,فارسی,---,  تمام شد ، اما میاریمش 😏 ,-1
192,60686,978-6006445298,کتاب وقفه ی تاریک, The dark interval,3.68,1265,120,1400,1920,0,0,1,فارسی,---, به زودی  🙄 ,-1
193,110410,978-6004411028,کتاب ادب عاشقی, Adab-e Asheghi,3.36,1873,168,1398,-1,0,0,3,فارسی,8 مهر, موجود ,-1
194,57694,978-6001944031,کتاب برادران واویلا 1," Snarf Attack, Underfoodle, and the Secret of Life",3.05,1186,148,1398,2004,0,0,3,فارسی,8 مهر, موجود ,-1
195,34500,978-6004366670,کتاب شهر اندوه, A City of Sadness,3.22,81,135,1399,2002,0,0,2,فارسی,5 مهر, موجود ,-1
196,34605,978-6001212055,کتاب زندگی میکل آنژ, Life of Michelangelo,3.15,81,175,1400,1907,0,0,8,فارسی,---, به زودی  🙄 ,-1
197,43592,978-9643499587,کتاب اتل متل این پسرک, Atal matal in pesarak,3.75,30,32,1399,-1,4,4,7,فارسی,---,  تمام شد ، اما میاریمش 😏 ,-1
