id,name,link
1875,اریش,/publisher/1875-%d8%a7%d8%b1%db%8c%d8%b4
1988,بعثت,/publisher/1988-%d8%a8%d8%b9%d8%ab%d8%aa
1967,دانشگاه تهران,/publisher/1967-%d8%af%d8%a7%d9%86%d8%b4%da%af%d8%a7%d9%87-%d8%aa%d9%87%d8%b1%d8%a7%d9%86
51,کتابسرای تندیس,/publisher/51-%da%a9%d8%aa%d8%a7%d8%a8%d8%b3%d8%b1%d8%a7%db%8c-%d8%aa%d9%86%d8%af%db%8c%d8%b3
1470,سروش,/publisher/1470-%d8%b3%d8%b1%d9%88%d8%b4
42,سبزان,/publisher/42-%d8%b3%d8%a8%d8%b2%d8%a7%d9%86
1860,چالش,/publisher/1860-%da%86%d8%a7%d9%84%d8%b4
1358,شهرستان ادب,/publisher/1358-%d8%b4%d9%87%d8%b1%d8%b3%d8%aa%d8%a7%d9%86-%d8%a7%d8%af%d8%a8
1327,نیستان,/publisher/1327-%d9%86%db%8c%d8%b3%d8%aa%d8%a7%d9%86
1575,صفی علیشاه,/publisher/1575-%d8%b5%d9%81%db%8c-%d8%b9%d9%84%db%8c%d8%b4%d8%a7%d9%87
30,پیدایش,/publisher/30-%d9%be%db%8c%d8%af%d8%a7%db%8c%d8%b4
11,افق,/publisher/11-%d8%a7%d9%81%d9%82
31,نشر ثالث,/publisher/31-%d9%86%d8%b4%d8%b1-%d8%ab%d8%a7%d9%84%d8%ab
1259,چابک اندیش,/publisher/1259-%da%86%d8%a7%d8%a8%da%a9-%d8%a7%d9%86%d8%af%db%8c%d8%b4
1621,مطالعات سیاسی,/publisher/1621-%d9%85%d8%b7%d8%a7%d9%84%d8%b9%d8%a7%d8%aa-%d8%b3%db%8c%d8%a7%d8%b3%db%8c
48,ققنوس,/publisher/48-%d9%82%d9%82%d9%86%d9%88%d8%b3
1440,لوگوس,/publisher/1440-%d9%84%d9%88%da%af%d9%88%d8%b3
2651,یادواره کتاب,/publisher/2651-%db%8c%d8%a7%d8%af%d9%88%d8%a7%d8%b1%d9%87-%da%a9%d8%aa%d8%a7%d8%a8
2628,امید سخن,/publisher/2628-%d8%a7%d9%85%db%8c%d8%af-%d8%b3%d8%ae%d9%86
66,نشر نی,/publisher/66-%d9%86%d8%b4%d8%b1-%d9%86%db%8c
1479,کلید آموزش,/publisher/1479-%da%a9%d9%84%db%8c%d8%af-%d8%a2%d9%85%d9%88%d8%b2%d8%b4
67,نیلوفر,/publisher/67-%d9%86%db%8c%d9%84%d9%88%d9%81%d8%b1
1111,نشر ویدا,/publisher/1111-%d9%86%d8%b4%d8%b1-%d9%88%db%8c%d8%af%d8%a7
1539,زعفران,/publisher/1539-%d8%b2%d8%b9%d9%81%d8%b1%d8%a7%d9%86
58,مرکز,/publisher/58-%d9%85%d8%b1%da%a9%d8%b2
1335,حتمی,/publisher/1335-%d8%ad%d8%aa%d9%85%db%8c
2097,جمال,/publisher/2097-%d8%ac%d9%85%d8%a7%d9%84
3156,تیموری,/publisher/3156-%d8%aa%db%8c%d9%85%d9%88%d8%b1%db%8c
1497,شهرآب,/publisher/1497-%d8%b4%d9%87%d8%b1%d8%a2%d8%a8
2270,جنگل,/publisher/2270-%d8%ac%d9%86%da%af%d9%84
1578,قو,/publisher/1578-%d9%82%d9%88
1478,کلام,/publisher/1478-%da%a9%d9%84%d8%a7%d9%85
2400,دایره المعارف بزرگ اسلامی,/publisher/2400-%d8%af%d8%a7%db%8c%d8%b1%d9%87-%d8%a7%d9%84%d9%85%d8%b9%d8%a7%d8%b1%d9%81-%d8%a8%d8%b2%d8%b1%da%af-%d8%a7%d8%b3%d9%84%d8%a7%d9%85%db%8c
69,هرمس,/publisher/69-%d9%87%d8%b1%d9%85%d8%b3
1353,اکباتان,/publisher/1353-%d8%a7%da%a9%d8%a8%d8%a7%d8%aa%d8%a7%d9%86
1856,موسسه فرهنگی و هنری ماهور,/publisher/1856-%d9%85%d9%88%d8%b3%d8%b3%d9%87-%d9%81%d8%b1%d9%87%d9%86%da%af%db%8c-%d9%88-%d9%87%d9%86%d8%b1%db%8c-%d9%85%d8%a7%d9%87%d9%88%d8%b1
1483,مهرسا,/publisher/1483-%d9%85%d9%87%d8%b1%d8%b3%d8%a7
2018,سمت,/publisher/2018-%d8%b3%d9%85%d8%aa
1277,فرهنگ جاوید,/publisher/1277-%d9%81%d8%b1%d9%87%d9%86%da%af-%d8%ac%d8%a7%d9%88%db%8c%d8%af
1131,نامک,/publisher/1131-%d9%86%d8%a7%d9%85%da%a9
1472,طرح نو,/publisher/1472-%d8%b7%d8%b1%d8%ad-%d9%86%d9%88
1837,آئی سا,/publisher/1837-%d8%a2%d8%a6%db%8c-%d8%b3%d8%a7
1595,حکمت کلمه,/publisher/1595-%d8%ad%da%a9%d9%85%d8%aa-%da%a9%d9%84%d9%85%d9%87
85,نیلا,/publisher/85-%d9%86%db%8c%d9%84%d8%a7
1913,نمایش,/publisher/1913-%d9%86%d9%85%d8%a7%db%8c%d8%b4
1873,نشر معارف,/publisher/1873-%d9%86%d8%b4%d8%b1-%d9%85%d8%b9%d8%a7%d8%b1%d9%81
9,علم,/publisher/9-%d8%b9%d9%84%d9%85
2311,آماره,/publisher/2311-%d8%a2%d9%85%d8%a7%d8%b1%d9%87
18,آگه,/publisher/18-%d8%a2%da%af%d9%87
1813,نشر گویا,/publisher/1813-%d9%86%d8%b4%d8%b1-%da%af%d9%88%db%8c%d8%a7
55,مازیار,/publisher/55-%d9%85%d8%a7%d8%b2%db%8c%d8%a7%d8%b1
87,قطره,/publisher/87-%d9%82%d8%b7%d8%b1%d9%87
3097,فن آوری نوین,/publisher/3097-%d9%81%d9%86-%d8%a2%d9%88%d8%b1%db%8c-%d9%86%d9%88%db%8c%d9%86
1612,کتاب پرنده,/publisher/1612-%da%a9%d8%aa%d8%a7%d8%a8-%d9%be%d8%b1%d9%86%d8%af%d9%87
28,پرتقال,/publisher/28-%d9%be%d8%b1%d8%aa%d9%82%d8%a7%d9%84
1195,ابوعطا,/publisher/1195-%d8%a7%d8%a8%d9%88%d8%b9%d8%b7%d8%a7
1378,هیلا,/publisher/1378-%d9%87%db%8c%d9%84%d8%a7
2759,خردگان,/publisher/2759-%d8%ae%d8%b1%d8%af%da%af%d8%a7%d9%86
1312,شباهنگ,/publisher/1312-%d8%b4%d8%a8%d8%a7%d9%87%d9%86%da%af
2040,یساولی,/publisher/2040-%db%8c%d8%b3%d8%a7%d9%88%d9%84%db%8c
1360,صابرین,/publisher/1360-%d8%b5%d8%a7%d8%a8%d8%b1%db%8c%d9%86
1362,ارجمند,/publisher/1362-%d8%a7%d8%b1%d8%ac%d9%85%d9%86%d8%af
33,نشر چشمه,/publisher/33-%d9%86%d8%b4%d8%b1-%da%86%d8%b4%d9%85%d9%87
2091,پلک,/publisher/2091-%d9%be%d9%84%da%a9
1375,کتابستان معرفت,/publisher/1375-%da%a9%d8%aa%d8%a7%d8%a8%d8%b3%d8%aa%d8%a7%d9%86-%d9%85%d8%b9%d8%b1%d9%81%d8%aa
1597,موسسه فرهنگی و هنری خراسان,/publisher/1597-%d9%85%d9%88%d8%b3%d8%b3%d9%87-%d9%81%d8%b1%d9%87%d9%86%da%af%db%8c-%d9%88-%d9%87%d9%86%d8%b1%db%8c-%d8%ae%d8%b1%d8%a7%d8%b3%d8%a7%d9%86
1833,عنوان,/publisher/1833-%d8%b9%d9%86%d9%88%d8%a7%d9%86
1337,لاهیتا,/publisher/1337-%d9%84%d8%a7%d9%87%db%8c%d8%aa%d8%a7
4451,اطلاع,/publisher/4451-%d8%a7%d8%b7%d9%84%d8%a7%d8%b9
1326,محراب قلم,/publisher/1326-%d9%85%d8%ad%d8%b1%d8%a7%d8%a8-%d9%82%d9%84%d9%85
1233,ذهن آویز,/publisher/1233-%d8%b0%d9%87%d9%86-%d8%a2%d9%88%db%8c%d8%b2
1910,شبگیر,/publisher/1910-%d8%b4%d8%a8%da%af%db%8c%d8%b1
1361,اردیبهشت,/publisher/1361-%d8%a7%d8%b1%d8%af%db%8c%d8%a8%d9%87%d8%b4%d8%aa
1258,زوار,/publisher/1258-%d8%b2%d9%88%d8%a7%d8%b1
2719,قصه باران,/publisher/2719-%d9%82%d8%b5%d9%87-%d8%a8%d8%a7%d8%b1%d8%a7%d9%86
1308,تمدن علمی,/publisher/1308-%d8%aa%d9%85%d8%af%d9%86-%d8%b9%d9%84%d9%85%db%8c
1392,به نشر,/publisher/1392-%d8%a8%d9%87-%d9%86%d8%b4%d8%b1
38,دوستان,/publisher/38-%d8%af%d9%88%d8%b3%d8%aa%d8%a7%d9%86
1332,دانژه,/publisher/1332-%d8%af%d8%a7%d9%86%da%98%d9%87
1786,نشر نظر,/publisher/1786-%d9%86%d8%b4%d8%b1-%d9%86%d8%b8%d8%b1
1129,معین,/publisher/1129-%d9%85%d8%b9%db%8c%d9%86
1330,سخن,/publisher/1330-%d8%b3%d8%ae%d9%86
2368,ما و شما,/publisher/2368-%d9%85%d8%a7-%d9%88-%d8%b4%d9%85%d8%a7
1194,آریانا قلم,/publisher/1194-%d8%a2%d8%b1%db%8c%d8%a7%d9%86%d8%a7-%d9%82%d9%84%d9%85
1391,بدیهه,/publisher/1391-%d8%a8%d8%af%db%8c%d9%87%d9%87
1210,افکار,/publisher/1210-%d8%a7%d9%81%da%a9%d8%a7%d8%b1
1630,ادیبان روز,/publisher/1630-%d8%a7%d8%af%db%8c%d8%a8%d8%a7%d9%86-%d8%b1%d9%88%d8%b2
62,نگاه,/publisher/62-%d9%86%da%af%d8%a7%d9%87
1614,کرگدن,/publisher/1614-%da%a9%d8%b1%da%af%d8%af%d9%86
1937,آن سو,/publisher/1937-%d8%a2%d9%86-%d8%b3%d9%88
1336,بین المللی حافظ,/publisher/1336-%d8%a8%db%8c%d9%86-%d8%a7%d9%84%d9%85%d9%84%d9%84%db%8c-%d8%ad%d8%a7%d9%81%d8%b8
1282,کتاب سده,/publisher/1282-%da%a9%d8%aa%d8%a7%d8%a8-%d8%b3%d8%af%d9%87
1781,نشر علی,/publisher/1781-%d9%86%d8%b4%d8%b1-%d8%b9%d9%84%db%8c
47,فرهنگ نشر نو,/publisher/47-%d9%81%d8%b1%d9%87%d9%86%da%af-%d9%86%d8%b4%d8%b1-%d9%86%d9%88
2469,طلایه,/publisher/2469-%d8%b7%d9%84%d8%a7%db%8c%d9%87
72,کتاب آمه,/publisher/72-%da%a9%d8%aa%d8%a7%d8%a8-%d8%a2%d9%85%d9%87
2341,کتابسرای میردشتی,/publisher/2341-%da%a9%d8%aa%d8%a7%d8%a8%d8%b3%d8%b1%d8%a7%db%8c-%d9%85%db%8c%d8%b1%d8%af%d8%b4%d8%aa%db%8c
79,توس,/publisher/79-%d8%aa%d9%88%d8%b3
1253,حکمت,/publisher/1253-%d8%ad%da%a9%d9%85%d8%aa
12,البرز,/publisher/12-%d8%a7%d9%84%d8%a8%d8%b1%d8%b2
1201,بهار سبز,/publisher/1201-%d8%a8%d9%87%d8%a7%d8%b1-%d8%b3%d8%a8%d8%b2
2908,مهر و دل,/publisher/2908-%d9%85%d9%87%d8%b1-%d9%88-%d8%af%d9%84
1971,ادیان و مذاهب,/publisher/1971-%d8%a7%d8%af%db%8c%d8%a7%d9%86-%d9%88-%d9%85%d8%b0%d8%a7%d9%87%d8%a8
1438,کویر,/publisher/1438-%da%a9%d9%88%db%8c%d8%b1
1721,رسا,/publisher/1721-%d8%b1%d8%b3%d8%a7
1492,سپیده باوران,/publisher/1492-%d8%b3%d9%be%db%8c%d8%af%d9%87-%d8%a8%d8%a7%d9%88%d8%b1%d8%a7%d9%86
2396,دانشگاه شهید بهشتی,/publisher/2396-%d8%af%d8%a7%d9%86%d8%b4%da%af%d8%a7%d9%87-%d8%b4%d9%87%db%8c%d8%af-%d8%a8%d9%87%d8%b4%d8%aa%db%8c
25,بوتیمار,/publisher/25-%d8%a8%d9%88%d8%aa%db%8c%d9%85%d8%a7%d8%b1
1136,پیکان,/publisher/1136-%d9%be%db%8c%da%a9%d8%a7%d9%86
1231,روزبهان,/publisher/1231-%d8%b1%d9%88%d8%b2%d8%a8%d9%87%d8%a7%d9%86
24,بهجت,/publisher/24-%d8%a8%d9%87%d8%ac%d8%aa
1331,سایه گستر,/publisher/1331-%d8%b3%d8%a7%db%8c%d9%87-%da%af%d8%b3%d8%aa%d8%b1
1644,سیب سرخ,/publisher/1644-%d8%b3%db%8c%d8%a8-%d8%b3%d8%b1%d8%ae
1256,کانون پرورش فکری کودکان و نوجوان,/publisher/1256-%da%a9%d8%a7%d9%86%d9%88%d9%86-%d9%be%d8%b1%d9%88%d8%b1%d8%b4-%d9%81%da%a9%d8%b1%db%8c-%da%a9%d9%88%d8%af%da%a9%d8%a7%d9%86-%d9%88-%d9%86%d9%88%d8%ac%d9%88%d8%a7%d9%86
54,گل آذین,/publisher/54-%da%af%d9%84-%d8%a2%d8%b0%db%8c%d9%86
1196,هامون,/publisher/1196-%d9%87%d8%a7%d9%85%d9%88%d9%86
59,مروارید,/publisher/59-%d9%85%d8%b1%d9%88%d8%a7%d8%b1%db%8c%d8%af
1318,نشر نخستین,/publisher/1318-%d9%86%d8%b4%d8%b1-%d9%86%d8%ae%d8%b3%d8%aa%db%8c%d9%86
1217,دنیای اقتصاد,/publisher/1217-%d8%af%d9%86%db%8c%d8%a7%db%8c-%d8%a7%d9%82%d8%aa%d8%b5%d8%a7%d8%af
10,افراز,/publisher/10-%d8%a7%d9%81%d8%b1%d8%a7%d8%b2
1587,نویسه پارسی,/publisher/1587-%d9%86%d9%88%db%8c%d8%b3%d9%87-%d9%be%d8%a7%d8%b1%d8%b3%db%8c
1246,آموخته,/publisher/1246-%d8%a2%d9%85%d9%88%d8%ae%d8%aa%d9%87
1955,اعتلای وطن,/publisher/1955-%d8%a7%d8%b9%d8%aa%d9%84%d8%a7%db%8c-%d9%88%d8%b7%d9%86
2841,آذرکیمیا,/publisher/2841-%d8%a2%d8%b0%d8%b1%da%a9%db%8c%d9%85%db%8c%d8%a7
1981,نشر فرهنگ اسلامی,/publisher/1981-%d9%86%d8%b4%d8%b1-%d9%81%d8%b1%d9%87%d9%86%da%af-%d8%a7%d8%b3%d9%84%d8%a7%d9%85%db%8c
2448,آبرنگ,/publisher/2448-%d8%a2%d8%a8%d8%b1%d9%86%da%af
1239,فاطمی,/publisher/1239-%d9%81%d8%a7%d8%b7%d9%85%db%8c
1152,پرسش,/publisher/1152-%d9%be%d8%b1%d8%b3%d8%b4
1834,بینش نو,/publisher/1834-%d8%a8%db%8c%d9%86%d8%b4-%d9%86%d9%88
2099,ابرار معاصر تهران,/publisher/2099-%d8%a7%d8%a8%d8%b1%d8%a7%d8%b1-%d9%85%d8%b9%d8%a7%d8%b5%d8%b1-%d8%aa%d9%87%d8%b1%d8%a7%d9%86
40,روزنه,/publisher/40-%d8%b1%d9%88%d8%b2%d9%86%d9%87
3107,دفتر عقل,/publisher/3107-%d8%af%d9%81%d8%aa%d8%b1-%d8%b9%d9%82%d9%84
2738,رسپینا,/publisher/2738-%d8%b1%d8%b3%d9%be%db%8c%d9%86%d8%a7
1108,قدیانی,/publisher/1108-%d9%82%d8%af%db%8c%d8%a7%d9%86%db%8c
2070,دانشگاه امام صادق (ع),/publisher/2070-%d8%af%d8%a7%d9%86%d8%b4%da%af%d8%a7%d9%87-%d8%a7%d9%85%d8%a7%d9%85-%d8%b5%d8%a7%d8%af%d9%82-%d8%b9
2601,اگر,/publisher/2601-%d8%a7%da%af%d8%b1
2397,گوشه,/publisher/2397-%da%af%d9%88%d8%b4%d9%87
1215,هوپا,/publisher/1215-%d9%87%d9%88%d9%be%d8%a7
1153,نسل نواندیش,/publisher/1153-%d9%86%d8%b3%d9%84-%d9%86%d9%88%d8%a7%d9%86%d8%af%db%8c%d8%b4
1447,آوند دانش,/publisher/1447-%d8%a2%d9%88%d9%86%d8%af-%d8%af%d8%a7%d9%86%d8%b4
73,نشر کتاب پارسه,/publisher/73-%d9%86%d8%b4%d8%b1-%da%a9%d8%aa%d8%a7%d8%a8-%d9%be%d8%a7%d8%b1%d8%b3%d9%87
1281,فرهنگ معاصر,/publisher/1281-%d9%81%d8%b1%d9%87%d9%86%da%af-%d9%85%d8%b9%d8%a7%d8%b5%d8%b1
1547,میچکا (مبتکران),/publisher/1547-%d9%85%db%8c%da%86%da%a9%d8%a7-%d9%85%d8%a8%d8%aa%da%a9%d8%b1%d8%a7%d9%86
1667,رخداد کویر,/publisher/1667-%d8%b1%d8%ae%d8%af%d8%a7%d8%af-%da%a9%d9%88%db%8c%d8%b1
2056,دیباگران تهران,/publisher/2056-%d8%af%db%8c%d8%a8%d8%a7%da%af%d8%b1%d8%a7%d9%86-%d8%aa%d9%87%d8%b1%d8%a7%d9%86
1623,مولف,/publisher/1623-%d9%85%d9%88%d9%84%d9%81
1178,سوره مهر,/publisher/1178-%d8%b3%d9%88%d8%b1%d9%87-%d9%85%d9%87%d8%b1
1482,مهاجر,/publisher/1482-%d9%85%d9%87%d8%a7%d8%ac%d8%b1
1753,طهوری,/publisher/1753-%d8%b7%d9%87%d9%88%d8%b1%db%8c
2603,نای و نی,/publisher/2603-%d9%86%d8%a7%db%8c-%d9%88-%d9%86%db%8c
1835,ورجاوند,/publisher/1835-%d9%88%d8%b1%d8%ac%d8%a7%d9%88%d9%86%d8%af
1224,آسیم‏‫,/publisher/1224-%d8%a2%d8%b3%db%8c%d9%85%e2%80%8f%e2%80%ab
2245,پژوهشکده مطالعات راهبردی,/publisher/2245-%d9%be%da%98%d9%88%d9%87%d8%b4%da%a9%d8%af%d9%87-%d9%85%d8%b7%d8%a7%d9%84%d8%b9%d8%a7%d8%aa-%d8%b1%d8%a7%d9%87%d8%a8%d8%b1%d8%af%db%8c
1760,بوستان کتاب,/publisher/1760-%d8%a8%d9%88%d8%b3%d8%aa%d8%a7%d9%86-%da%a9%d8%aa%d8%a7%d8%a8
1436,پل,/publisher/1436-%d9%be%d9%84
1415,نوشته,/publisher/1415-%d9%86%d9%88%d8%b4%d8%aa%d9%87
63,نفیر,/publisher/63-%d9%86%d9%81%db%8c%d8%b1
96,مجید (به سخن),/publisher/96-%d9%85%d8%ac%db%8c%d8%af-%d8%a8%d9%87-%d8%b3%d8%ae%d9%86
1405,فراروان,/publisher/1405-%d9%81%d8%b1%d8%a7%d8%b1%d9%88%d8%a7%d9%86
93,موسسه فرهنگی هنری جهان کتاب,/publisher/93-%d9%85%d9%88%d8%b3%d8%b3%d9%87-%d9%81%d8%b1%d9%87%d9%86%da%af%db%8c-%d9%87%d9%86%d8%b1%db%8c-%d8%ac%d9%87%d8%a7%d9%86-%da%a9%d8%aa%d8%a7%d8%a8
1254,مولی,/publisher/1254-%d9%85%d9%88%d9%84%db%8c
1427,فارابی,/publisher/1427-%d9%81%d8%a7%d8%b1%d8%a7%d8%a8%db%8c
1265,حرفه نویسنده,/publisher/1265-%d8%ad%d8%b1%d9%81%d9%87-%d9%86%d9%88%db%8c%d8%b3%d9%86%d8%af%d9%87
1186,حوض نقره,/publisher/1186-%d8%ad%d9%88%d8%b6-%d9%86%d9%82%d8%b1%d9%87
81,علمی و فرهنگی,/publisher/81-%d8%b9%d9%84%d9%85%db%8c-%d9%88-%d9%81%d8%b1%d9%87%d9%86%da%af%db%8c
