,tag
0,ادبیات داستانی
1,ادبیات معاصر
2,مجموعه داستان
3,داستان کوتاه
4,ادبیات ایران
5,تاریخی
6,جشنواره فروش (30 درصد تخفیف)
7,تاریخ ایران
8,کتاب مصور
9,دهه 2000 میلادی
10,روانشناسی
11,تعلیم و تربیت
12,تاریخ انگلستان
13,رمان
14,زنان و فمنیسم
15,صوتی و تصویری
16,سریال
17,ادبیات انگلیس
18,زندگی نامه
19,ادبیات واقع گرایانه
20,دهه 2010 میلادی
21,بزرگان اندیشه
22,فیزیک
23,تجارت و کسب و کار
24,اقتصادی
25,بازار سرمایه - بورس
26,طنز
27,موسیقی
28,داستان تاریخی
29,ادبیات کودک و نوجوان
30,دهه 1990 میلادی
31,کتاب کودک
32,کتاب نوجوان
33,تاریخ جنگ جهانی
34,دهه 1980 میلادی
35,ادبیات چک
36,سیاسی
37,جایزه ی فرانتس کافکا
38,مجموعه مکاتبات (نامه ها)
39,فهرست برترین مجموعه نامه ها
40,ادبیات آلمان
41,فلسفی
42,مدیریت
43,رهبری
44,دینی و مذهبی
45,ادبیات آیینی
46,ادبیات کانادا
47,علمی
48,آموزشی
49,کتاب صوتی
50,خودپروری و روانشناسی (صوتی)
51,جایزه نوبل ادبیات
52,جایزه پولیتزر داستان
53,ادبیات آمریکا
54,ادبیات کلاسیک
55,دهه 1960 میلادی
56,داستان فانتزی
57,ادبیات نوجوان
58,داستان وحشت
59,داستان ماوراء الطبیعه
60,داستان علمی تخیلی
61,زبان اصلی
62,فرهنگ لغت
63,ادبیات کهن
64,سلامت
65,دهه 2020 میلادی
66,تغذیه ورزشی
67,سرگرمی
68,علوم انسانی
69,آموزش زبان خارجی
70,آموزش زبان ترکی
71,مهارت شنیداری
72,مهارت گفتاری
73,مهارت خواندن
74,مهارت نوشتاری
75,مقدماتی
76,شعر ایرانی
77,شعر طنز
78,داستان عاشقانه
79,پرفروش ترین کتاب های نیویورک تایمز
80,داستان کمدی (طنز)
81,باستان شناسی
82,دهه 1870 میلادی
83,هنری
84,ادبیات اتریش
85,ارتباطات
86,رسانه
87,داستان دینی
88,دهه 1940 میلادی
89,ادبیات رومانی
90,ورزشی
91,فوتبال
92,ادبیات جهان
93,جملات قصار
94,ادبیات نروژ
95,آشنایی با فیلسوفان
96,پرافتخارترین کتاب ها
97,ادبیات نمایشی
98,جایزه ی پولیتزر نمایشنامه
99,نمایشنامه تاریخی
100,جایزه ی نمایشنامه ی حلقه ی منتقدین نیویورک
101,جایزه Tony
102,سینما و تئاتر
103,ادبیات ایتالیا
104,ادبیات اسپانیا
105,علوم اقتصادی
106,ادبیات فرانسه
107,شعر
108,نجوم
109,علوم کامپیوتر
110,شعر کودک
111,رنگ آمیزی
112,جایزه ی گرند کنیون
113,داستان مصور
114,احکام
115,ادبیات تاجیکستان
116,ادبیات روسیه
117,آموزش نقاشی
118,خودپروری
119,ازدواج و زناشویی
120,ادبیات لهستان
121,نقد هنری
122,شعر معاصر
123,فیلمنامه
124,جدید ترین کتاب ها
125,خلاقیت
126,روانشناسی کودک
127,شعر نو
128,شعر عربی
129,ادبیات عرب
130,داستان حیوانات
131,ادبیات اروپا
132,پزشکی
133,مجموعه آثار هنری
134,زندگی نامه ی هنرمندان
135,مجموعه مقالات
136,نقد ادبی
137,زبان شناسی
138,پرفروش ترین های چاپ 1401
139,گردآوری و تلفیق
140,ادبیات هند
141,بازاریابی
142,پرفروش ترین های چاپ 1402
143,تجربه و هنر زندگی
144,دهه 1950 میلادی
145,عرفان
146,جایزه ی کتاب انیسفیلد-ولف
147,تکنولوژی
148,فهرست کتاب های برگزیده به انتخاب «بیل گیتس»
149,فهرست کتاب های برگزیده به انتخاب «ایلان ماسک»
150,فهرست کتاب های برگزیده به انتخاب «باراک اوباما»
151,قرن 9 میلادی
152,اجتماعی
153,تاریخ جهان
154,جغرافیا
155,کتاب هایی که زندگی تان را دگرگون خواهند کرد
156,عاشقانه
157,ادبیات آفریقا
158,ادبیات آفریقای جنوبی
159,داستان نویسی
160,مصاحبه
161,خود زندگی نامه
162,تاریخ روسیه (شوروی)
163,مجموعه یادداشت
164,نقاشی
165,تاریخ هنر
166,فهرست برترین کتاب های امیدبخش
167,موسیقی بی کلام
168,موسیقی فیلم
169,ریاضی
170,دانستنی ها
171,دهه 1920 میلادی
172,فرهنگی
173,داستان معمایی
174,داستان تریلر
175,داستان جنایی
176,داستان الهام بخش
177,حیوانات
178,نمایشنامه سیاسی
179,علوم سیاسی
180,پرفروش ترین های چاپ 1400
181,دهه 1930 میلادی
182,نمایشنامه درام
183,اسطوره ها و افسانه ها
184,معنویت
185,الهیات
186,ادبیات استرالیا
187,داستان جنگی
188,ادبیات آمریکای لاتین
189,تاریخ آمریکا
190,ادبیات ایرلند
191,عکاسی
192,محیط زیست
193,شیمی
194,کشاورزی
195,داستان تکنولوژی
196,حقوقی
197,دهه 1970 میلادی
198,داستان رئال
199,آموزش ورزشی
200,جایزه ی داستان جنایی آلمان
201,درام
202,ناداستان
203,داستان ماجرایی
204,دهه 1900 میلادی
